,symbol,id,orderId,orderListId,price,qty,quoteQty,commission,commissionAsset,time,isBuyer,isMaker,isBestMatch,human time
0,ADAGBP,3969684,126253090,-1,0.277,360.6,99.8862,0.3606,ADA,1668464095267,True,False,True,2022-11-14 22:14:55.267000064
1,ADAGBP,3969799,126254084,-1,0.2785,75.8,21.1103,0.0211103,GBP,1668467177744,False,True,True,2022-11-14 23:06:17.744000000
2,ADAGBP,3969835,126255092,-1,0.2818,75.4,21.24772,0.02124772,GBP,1668468940801,False,True,True,2022-11-14 23:35:40.801000192
3,ADAGBP,3969839,126256834,-1,0.2803,74.5,20.88235,0.0745,ADA,1668470450051,True,True,True,2022-11-15 00:00:50.051000064
4,ADAGBP,3969872,126257739,-1,0.2818,74.9,21.10682,0.02110682,GBP,1668472056091,False,True,True,2022-11-15 00:27:36.091000064
5,ADAGBP,3969879,126260448,-1,0.2803,74.5,20.88235,0.0745,ADA,1668473066135,True,True,True,2022-11-15 00:44:26.135000064
6,ADAGBP,3969888,126261909,-1,0.2818,74.9,21.10682,0.02110682,GBP,1668476884328,False,True,True,2022-11-15 01:48:04.328000000
7,ADAGBP,3969923,126274237,-1,0.2803,74.5,20.88235,0.0745,ADA,1668494695057,True,True,True,2022-11-15 06:44:55.056999936
8,ADAGBP,3970072,126274239,-1,0.2851,74.5,21.23995,0.02123995,GBP,1668500611823,False,True,True,2022-11-15 08:23:31.823000064
9,ADAGBP,3970148,126293259,-1,0.2836,73.7,20.90132,0.0737,ADA,1668504266080,True,True,True,2022-11-15 09:24:26.080000000
10,ADAGBP,3970172,126293394,-1,0.2851,74.0,21.0974,0.0210974,GBP,1668506520049,False,True,True,2022-11-15 10:02:00.048999936
11,ADAGBP,3970394,126305711,-1,0.2884,73.7,21.25508,0.02125508,GBP,1668521253182,False,True,True,2022-11-15 14:07:33.181999872
12,ADAGBP,3970398,126305712,-1,0.2898,73.7,21.35826,0.02135826,GBP,1668521253182,False,True,True,2022-11-15 14:07:33.181999872
13,ADAGBP,3970417,126312986,-1,0.2866,72.5,20.7785,0.0725,ADA,1668521254808,True,False,True,2022-11-15 14:07:34.808000000
14,ADAGBP,3970418,126312987,-1,0.2866,72.5,20.7785,0.0725,ADA,1668521255039,True,False,True,2022-11-15 14:07:35.039000064
15,ADAGBP,3970522,126318823,-1,0.2881,73.3,21.11773,0.02111773,GBP,1668526647664,False,True,True,2022-11-15 15:37:27.664000000
16,ADAGBP,3970525,126318954,-1,0.2866,72.9,20.89314,0.0729,ADA,1668527449877,True,True,True,2022-11-15 15:50:49.877000192
17,ADAGBP,3970533,126320199,-1,0.2881,73.3,21.11773,0.02111773,GBP,1668528058960,False,True,True,2022-11-15 16:00:58.960000000
18,ADAGBP,3970549,126320992,-1,0.2866,72.9,20.89314,0.0729,ADA,1668528686856,True,True,True,2022-11-15 16:11:26.856000000
19,ADAGBP,3970578,126321748,-1,0.2881,73.3,21.11773,0.02111773,GBP,1668529223154,False,True,True,2022-11-15 16:20:23.154000128
20,ADAGBP,3970583,126322389,-1,0.2866,72.9,20.89314,0.0729,ADA,1668529706065,True,True,True,2022-11-15 16:28:26.064999936
21,ADAGBP,3970636,126324524,-1,0.2833,73.3,20.76589,0.0733,ADA,1668536840591,True,True,True,2022-11-15 18:27:20.591000064
22,ADAGBP,3970797,126337260,-1,0.2848,74.1,21.10368,0.02110368,GBP,1668561514514,False,True,True,2022-11-16 01:18:34.513999872
23,ADAGBP,3970830,126358569,-1,0.2881,73.7,21.23297,0.02123297,GBP,1668571237030,False,True,True,2022-11-16 04:00:37.029999872
24,ADAGBP,3970845,126365193,-1,0.2846,72.9,20.74734,0.0729,ADA,1668581531809,True,False,True,2022-11-16 06:52:11.808999936
25,ADAGBP,3970846,126365196,-1,0.2846,72.9,20.74734,0.0729,ADA,1668581532030,True,False,True,2022-11-16 06:52:12.029999872
26,ADAGBP,3970914,126365209,-1,0.2813,73.8,20.75994,0.0738,ADA,1668587741496,True,True,True,2022-11-16 08:35:41.496000000
27,ADAGBP,3971044,126376023,-1,0.278,74.7,20.7666,0.0747,ADA,1668603620006,True,True,True,2022-11-16 13:00:20.006000128
28,ADAGBP,3971174,126384096,-1,0.2747,75.5,20.73985,0.0755,ADA,1668607432229,True,True,True,2022-11-16 14:03:52.229000192
29,ADAGBP,3971210,126388702,-1,0.2762,76.4,21.10168,0.02110168,GBP,1668609288164,False,True,True,2022-11-16 14:34:48.164000000
30,ADAGBP,3971228,126391073,-1,0.2747,76.0,20.8772,0.076,ADA,1668610472306,True,True,True,2022-11-16 14:54:32.305999872
31,ADAGBP,3971247,126391938,-1,0.2762,76.4,21.10168,0.02110168,GBP,1668611103203,False,True,True,2022-11-16 15:05:03.203000064
32,ADAGBP,3971262,126393045,-1,0.2747,76.0,20.8772,0.076,ADA,1668613702079,True,True,True,2022-11-16 15:48:22.079000064
33,ADAGBP,3971291,126394606,-1,0.2762,76.4,21.10168,0.02110168,GBP,1668615153314,False,True,True,2022-11-16 16:12:33.313999872
34,ADAGBP,3971563,126401937,-1,0.2747,76.0,20.8772,0.076,ADA,1668637939472,True,True,True,2022-11-16 22:32:19.472000000
35,ADAGBP,3971575,126410399,-1,0.2762,76.4,21.10168,0.02110168,GBP,1668639184424,False,True,True,2022-11-16 22:53:04.424000000
36,ADAGBP,3971592,126410768,-1,0.2794,76.0,21.2344,0.0212344,GBP,1668640801857,False,True,True,2022-11-16 23:20:01.857000192
37,ADAGBP,3971640,126412734,-1,0.2779,75.2,20.89808,0.0752,ADA,1668653982340,True,True,True,2022-11-17 02:59:42.340000000
38,ADAGBP,3971663,126421165,-1,0.2746,75.6,20.75976,0.0756,ADA,1668657873107,True,True,True,2022-11-17 04:04:33.107000064
39,ADAGBP,3971794,126430749,-1,0.2714,76.5,20.7621,0.0765,ADA,1668677627715,True,True,True,2022-11-17 09:33:47.714999808
40,ADAGBP,3971951,126438768,-1,0.2729,77.4,21.12246,0.02112246,GBP,1668684857401,False,True,True,2022-11-17 11:34:17.400999936
41,ADAGBP,3972026,126445898,-1,0.2714,77.0,20.8978,0.077,ADA,1668691100581,True,True,True,2022-11-17 13:18:20.581000192
42,ADAGBP,3972037,126451319,-1,0.2729,77.4,21.12246,0.02112246,GBP,1668691838326,False,True,True,2022-11-17 13:30:38.325999872
43,ADAGBP,3972050,126453335,-1,0.2714,77.0,20.8978,0.077,ADA,1668692341277,True,True,True,2022-11-17 13:39:01.276999936
44,ADAGBP,3972089,126454395,-1,0.2729,77.4,21.12246,0.02112246,GBP,1668693005126,False,True,True,2022-11-17 13:50:05.125999872
45,ADAGBP,3972128,126455227,-1,0.2714,77.0,20.8978,0.077,ADA,1668694093105,True,True,True,2022-11-17 14:08:13.104999936
46,ADAGBP,3972176,126456415,-1,0.2729,77.4,21.12246,0.02112246,GBP,1668698234438,False,True,True,2022-11-17 15:17:14.437999872
47,ADAGBP,3972220,126460863,-1,0.2714,77.0,20.8978,0.077,ADA,1668700300121,True,True,True,2022-11-17 15:51:40.120999936
48,ADAGBP,3972230,126465550,-1,0.2729,77.4,21.12246,0.02112246,GBP,1668701231101,False,True,True,2022-11-17 16:07:11.101000192
49,ADAGBP,3972462,126493092,-1,0.2763,77.0,21.2751,0.0212751,GBP,1668733385217,False,True,True,2022-11-18 01:03:05.216999936
50,ADAGBP,3972490,126493093,-1,0.2782,65.9,18.33338,0.01833338,GBP,1668739274437,False,True,True,2022-11-18 02:41:14.436999936
51,ADAGBP,3972549,126508821,-1,0.2757,75.5,20.81535,0.0755,ADA,1668755596299,True,False,True,2022-11-18 07:13:16.299000064
52,ADAGBP,3972598,126514124,-1,0.2766,76.2,21.07692,0.02107692,GBP,1668766430675,False,True,True,2022-11-18 10:13:50.675000064
53,ADAGBP,3972608,126515093,-1,0.2757,75.9,20.92563,0.0759,ADA,1668766925091,True,True,True,2022-11-18 10:22:05.091000064
54,ADAGBP,3972613,126516817,-1,0.2766,76.2,21.07692,0.02107692,GBP,1668767403833,False,True,True,2022-11-18 10:30:03.832999936
55,ADAGBP,3972620,126517559,-1,0.2757,75.9,20.92563,0.0759,ADA,1668767647950,True,True,True,2022-11-18 10:34:07.950000128
56,ADAGBP,3972624,126518008,-1,0.2766,76.2,21.07692,0.02107692,GBP,1668767916303,False,True,True,2022-11-18 10:38:36.303000064
57,ADAGBP,3972743,126525884,-1,0.2755,75.9,20.91045,0.0759,ADA,1668781912093,True,True,True,2022-11-18 14:31:52.092999936
58,ADAGBP,3972799,126530616,-1,0.2719,76.2,20.71878,0.0762,ADA,1668789088228,True,True,True,2022-11-18 16:31:28.228000000
59,ADAGBP,3972807,126538675,-1,0.2729,77.2,21.06788,0.02106788,GBP,1668789920301,False,True,True,2022-11-18 16:45:20.301000192
60,ADAGBP,3972811,126539613,-1,0.2719,77.0,20.9363,0.077,ADA,1668790302921,True,True,True,2022-11-18 16:51:42.920999936
61,ADAGBP,3972814,126540053,-1,0.2729,77.2,21.06788,0.02106788,GBP,1668790547903,False,True,True,2022-11-18 16:55:47.903000064
62,ADAGBP,3972815,126540537,-1,0.2719,77.0,20.9363,0.077,ADA,1668791310408,True,True,True,2022-11-18 17:08:30.408000000
63,ADAGBP,3972983,126541236,-1,0.2729,77.2,21.06788,0.02106788,GBP,1668814568700,False,True,True,2022-11-18 23:36:08.700000000
64,ADAGBP,3973014,126557746,-1,0.2719,77.0,20.9363,0.077,ADA,1668817958726,True,True,True,2022-11-19 00:32:38.726000128
65,ADAGBP,3973202,126579748,-1,0.2729,77.2,21.06788,0.02106788,GBP,1668873673639,False,True,True,2022-11-19 16:01:13.639000064
66,ADAGBP,3973336,126598649,-1,0.2765,77.0,21.2905,0.0212905,GBP,1668896907550,False,True,True,2022-11-19 22:28:27.549999872
67,ADAGBP,3973340,126613068,-1,0.2754,75.9,20.90286,0.0759,ADA,1668897788241,True,True,True,2022-11-19 22:43:08.240999936
68,ADAGBP,3973372,126613263,-1,0.2764,76.3,21.08932,0.02108932,GBP,1668906190873,False,True,True,2022-11-20 01:03:10.872999936
69,ADAGBP,3973374,126620609,-1,0.2753,76.0,20.9228,0.076,ADA,1668907107385,True,True,True,2022-11-20 01:18:27.384999936
70,ADAGBP,3973443,126634337,-1,0.2717,76.3,20.73071,0.0763,ADA,1668933632240,True,True,True,2022-11-20 08:40:32.240000000
71,ADAGBP,3973482,126638892,-1,0.2727,73.3,19.98891,0.01998891,GBP,1668939735303,False,True,True,2022-11-20 10:22:15.303000064
72,ADAGBP,3973483,126638892,-1,0.2727,4.0,1.0908,0.0010908,GBP,1668939995412,False,True,True,2022-11-20 10:26:35.412000000
73,ADAGBP,3973487,126641201,-1,0.2717,77.0,20.9209,0.077,ADA,1668941027423,True,True,True,2022-11-20 10:43:47.423000064
74,ADAGBP,3973528,126642276,-1,0.2681,77.3,20.72413,0.0773,ADA,1668944095055,True,True,True,2022-11-20 11:34:55.055000064
75,ADAGBP,3973548,126647496,-1,0.2691,78.3,21.07053,0.02107053,GBP,1668944457008,False,True,True,2022-11-20 11:40:57.008000000
76,ADAGBP,3973554,126649441,-1,0.2681,78.0,20.9118,0.078,ADA,1668945560474,True,True,True,2022-11-20 11:59:20.473999872
77,ADAGBP,3973714,126664447,-1,0.2646,78.3,20.71818,0.0783,ADA,1668967512942,True,True,True,2022-11-20 18:05:12.941999872
78,ADAGBP,3973716,126671496,-1,0.2656,79.4,21.08864,0.02108864,GBP,1668967571148,False,True,True,2022-11-20 18:06:11.148000000
79,ADAGBP,3973771,126676727,-1,0.2646,79.1,20.92986,0.0791,ADA,1668976277846,True,True,True,2022-11-20 20:31:17.845999872
80,ADAGBP,3973777,126679395,-1,0.2656,79.4,21.08864,0.02108864,GBP,1668977197588,False,True,True,2022-11-20 20:46:37.588000000
81,ADAGBP,3973791,126679544,-1,0.2646,79.1,20.92986,0.0791,ADA,1668979362122,True,True,True,2022-11-20 21:22:42.121999872
82,ADAGBP,3973832,126681266,-1,0.2611,79.4,20.73134,0.0794,ADA,1668981202508,True,True,True,2022-11-20 21:53:22.508000000
83,ADAGBP,3973854,126685335,-1,0.2621,80.4,21.07284,0.02107284,GBP,1668982170297,False,True,True,2022-11-20 22:09:30.296999936
84,ADAGBP,3973887,126689257,-1,0.2611,80.1,20.91411,0.0801,ADA,1668984192882,True,True,True,2022-11-20 22:43:12.881999872
85,ADAGBP,3973889,126692191,-1,0.2621,80.4,21.07284,0.02107284,GBP,1668984455411,False,True,True,2022-11-20 22:47:35.411000064
86,ADAGBP,3973892,126692495,-1,0.2611,80.1,20.91411,0.0801,ADA,1668985551598,True,True,True,2022-11-20 23:05:51.598000128
87,ADAGBP,3973913,126693742,-1,0.2621,80.4,21.07284,0.02107284,GBP,1668986846583,False,True,True,2022-11-20 23:27:26.583000064
88,ADAGBP,3973937,126696498,-1,0.2611,80.1,20.91411,0.0801,ADA,1668988922227,True,True,True,2022-11-21 00:02:02.227000064
89,ADAGBP,3973973,126699288,-1,0.2577,80.4,20.71908,0.0804,ADA,1668989229446,True,True,True,2022-11-21 00:07:09.446000128
90,ADAGBP,3973975,126701433,-1,0.2587,81.5,21.08405,0.02108405,GBP,1668989291013,False,True,True,2022-11-21 00:08:11.012999936
91,ADAGBP,3973996,126702403,-1,0.2621,81.2,21.28252,0.02128252,GBP,1668991817185,False,True,True,2022-11-21 00:50:17.184999936
92,ADAGBP,3974016,126709396,-1,0.2611,80.1,20.91411,0.0801,ADA,1668994496045,True,True,True,2022-11-21 01:34:56.045000192
93,ADAGBP,3974033,126713975,-1,0.2577,80.4,20.71908,0.0804,ADA,1668996558695,True,True,True,2022-11-21 02:09:18.694999808
94,ADAGBP,3974107,126718704,-1,0.2543,81.5,20.72545,0.0815,ADA,1669001025794,True,True,True,2022-11-21 03:23:45.793999872
95,ADAGBP,3974124,126732787,-1,0.2553,82.6,21.08778,0.02108778,GBP,1669001843296,False,True,True,2022-11-21 03:37:23.296000000
96,ADAGBP,3974132,126734661,-1,0.2587,82.3,21.29101,0.02129101,GBP,1669004114154,False,True,True,2022-11-21 04:15:14.154000128
97,ADAGBP,3974231,126739410,-1,0.2577,81.2,20.92524,0.0812,ADA,1669016020540,True,True,True,2022-11-21 07:33:40.540000000
98,ADAGBP,3974333,126759286,-1,0.2587,81.5,21.08405,0.02108405,GBP,1669024479250,False,True,True,2022-11-21 09:54:39.249999872
99,ADAGBP,3974368,126765553,-1,0.2577,81.2,20.92524,0.0812,ADA,1669025416796,True,True,True,2022-11-21 10:10:16.796000000
100,ADAGBP,3974414,126766927,-1,0.2587,81.5,21.08405,0.02108405,GBP,1669027694524,False,True,True,2022-11-21 10:48:14.524000000
101,ADAGBP,3974448,126768929,-1,0.2577,38.9,10.02453,0.0389,ADA,1669030661569,True,True,True,2022-11-21 11:37:41.568999936
102,ADAGBP,3974449,126768929,-1,0.2577,42.3,10.90071,0.0423,ADA,1669030684715,True,True,True,2022-11-21 11:38:04.714999808
103,ADAGBP,3974493,126771166,-1,0.2587,81.5,21.08405,0.02108405,GBP,1669033202703,False,True,True,2022-11-21 12:20:02.703000064
104,ADAGBP,3974515,126772975,-1,0.2577,81.2,20.92524,0.0812,ADA,1669034317329,True,True,True,2022-11-21 12:38:37.328999936
105,ADAGBP,3974523,126773654,-1,0.2587,81.5,21.08405,0.02108405,GBP,1669034577983,False,True,True,2022-11-21 12:42:57.983000064
106,ADAGBP,3974558,126773887,-1,0.2623,81.2,21.29876,0.02129876,GBP,1669036682745,False,True,True,2022-11-21 13:18:02.744999936
107,ADAGBP,3974566,126777405,-1,0.2613,38.3,10.00779,0.0383,ADA,1669037916116,True,True,True,2022-11-21 13:38:36.116000000
108,ADAGBP,3974567,126777405,-1,0.2613,41.8,10.92234,0.0418,ADA,1669037921109,True,True,True,2022-11-21 13:38:41.108999936
109,ADAGBP,3974588,126780161,-1,0.2623,80.4,21.08892,0.02108892,GBP,1669040324388,False,True,True,2022-11-21 14:18:44.388000000
110,ADAGBP,3974604,126786675,-1,0.2613,80.1,20.93013,0.0801,ADA,1669044196004,True,True,True,2022-11-21 15:23:16.004000000
111,ADAGBP,3974613,126789012,-1,0.2623,80.4,21.08892,0.02108892,GBP,1669044863546,False,True,True,2022-11-21 15:34:23.546000128
112,ADAGBP,3974637,126789698,-1,0.2613,80.1,20.93013,0.0801,ADA,1669047120228,True,True,True,2022-11-21 16:12:00.228000000
113,ADAGBP,3974685,126792294,-1,0.2576,80.4,20.71104,0.0804,ADA,1669048294537,True,True,True,2022-11-21 16:31:34.536999936
114,ADAGBP,3974704,126795722,-1,0.2586,81.5,21.0759,0.0210759,GBP,1669049139094,False,True,True,2022-11-21 16:45:39.094000128
115,ADAGBP,3974735,126798899,-1,0.2576,81.2,20.91712,0.0812,ADA,1669050752179,True,True,True,2022-11-21 17:12:32.178999808
116,ADAGBP,3974778,126802050,-1,0.254,81.5,20.701,0.0815,ADA,1669054102802,True,True,True,2022-11-21 18:08:22.802000128
117,ADAGBP,3974782,126809733,-1,0.255,82.7,21.0885,0.0210885,GBP,1669054262075,False,True,True,2022-11-21 18:11:02.075000064
118,ADAGBP,3974796,126810559,-1,0.254,82.4,20.9296,0.0824,ADA,1669054873196,True,True,True,2022-11-21 18:21:13.196000000
119,ADAGBP,3974800,126812170,-1,0.255,82.7,21.0885,0.0210885,GBP,1669055416162,False,True,True,2022-11-21 18:30:16.161999872
120,ADAGBP,3974840,126812972,-1,0.254,82.4,20.9296,0.0824,ADA,1669058913276,True,True,True,2022-11-21 19:28:33.276000000
121,ADAGBP,3974863,126816913,-1,0.2504,82.7,20.70808,0.0827,ADA,1669059374592,True,True,True,2022-11-21 19:36:14.592000000
122,ADAGBP,3974889,126819686,-1,0.2514,83.9,21.09246,0.02109246,GBP,1669059458004,False,True,True,2022-11-21 19:37:38.004000000
123,ADAGBP,3974936,126820427,-1,0.2549,83.5,21.28415,0.02128415,GBP,1669061270076,False,True,True,2022-11-21 20:07:50.076000000
124,ADAGBP,3974990,126826975,-1,0.2585,82.4,21.3004,0.0213004,GBP,1669062989789,False,True,True,2022-11-21 20:36:29.788999936
125,ADAGBP,3975014,126831814,-1,0.2575,81.2,20.909,0.0812,ADA,1669063041704,True,True,True,2022-11-21 20:37:21.704000000
126,ADAGBP,3975082,126832305,-1,0.2539,81.6,20.71824,0.0816,ADA,1669067195520,True,True,True,2022-11-21 21:46:35.520000000
127,ADAGBP,3975090,126839576,-1,0.2549,82.7,21.08023,0.02108023,GBP,1669067305098,False,True,True,2022-11-21 21:48:25.098000128
128,ADAGBP,3975093,126840577,-1,0.2539,82.4,20.92136,0.0824,ADA,1669067450807,True,True,True,2022-11-21 21:50:50.806999808
129,ADAGBP,3975113,126841477,-1,0.2549,82.7,21.08023,0.02108023,GBP,1669067710938,False,True,True,2022-11-21 21:55:10.937999872
130,ADAGBP,3975142,126843160,-1,0.2585,82.4,21.3004,0.0213004,GBP,1669070216959,False,True,True,2022-11-21 22:36:56.959000064
131,ADAGBP,3975154,126849491,-1,0.2575,81.2,20.909,0.0812,ADA,1669070922479,True,True,True,2022-11-21 22:48:42.479000064
132,ADAGBP,3975183,126850826,-1,0.2585,81.6,21.0936,0.0210936,GBP,1669072389950,False,True,True,2022-11-21 23:13:09.950000128
133,ADAGBP,3975199,126852773,-1,0.2575,81.2,20.909,0.0812,ADA,1669072904189,True,True,True,2022-11-21 23:21:44.188999936
134,ADAGBP,3975231,126853748,-1,0.2585,81.6,21.0936,0.0210936,GBP,1669075481036,False,True,True,2022-11-22 00:04:41.036000000
135,ADAGBP,3975259,126856538,-1,0.2575,81.2,20.909,0.0812,ADA,1669079261993,True,True,True,2022-11-22 01:07:41.992999936
136,ADAGBP,3975298,126861557,-1,0.2585,81.6,21.0936,0.0210936,GBP,1669086413418,False,True,True,2022-11-22 03:06:53.417999872
137,ADAGBP,3975321,126867219,-1,0.2575,81.2,20.909,0.0812,ADA,1669091597276,True,True,True,2022-11-22 04:33:17.276000000
138,ADAGBP,3975352,126871110,-1,0.2539,81.6,20.71824,0.0816,ADA,1669100469185,True,True,True,2022-11-22 07:01:09.184999936
139,ADAGBP,3975361,126878611,-1,0.2549,82.7,21.08023,0.02108023,GBP,1669101413343,False,True,True,2022-11-22 07:16:53.342999808
140,ADAGBP,3975394,126880102,-1,0.2539,82.4,20.92136,0.0824,ADA,1669105016304,True,True,True,2022-11-22 08:16:56.304000000
141,ADAGBP,3975608,126899745,-1,0.255,82.7,21.0885,0.0210885,GBP,1669121916373,False,True,True,2022-11-22 12:58:36.372999936
142,ADAGBP,3975626,126900721,-1,0.2588,82.4,21.32512,0.02132512,GBP,1669122903675,False,True,True,2022-11-22 13:15:03.675000064
143,ADAGBP,3975718,126905477,-1,0.2626,81.1,21.29686,0.02129686,GBP,1669125110765,False,True,True,2022-11-22 13:51:50.765000192
144,ADAGBP,3975895,126909201,-1,0.2615,80.0,20.92,0.08,ADA,1669138417246,True,True,True,2022-11-22 17:33:37.246000128
145,ADAGBP,3976049,126927293,-1,0.2626,80.3,21.08678,0.02108678,GBP,1669157677800,False,True,True,2022-11-22 22:54:37.800000000
146,ADAGBP,3976057,126943833,-1,0.2615,62.3,16.29145,0.0623,ADA,1669158306741,True,True,True,2022-11-22 23:05:06.740999936
147,ADAGBP,3976074,126943833,-1,0.2615,17.7,4.62855,0.0177,ADA,1669161229385,True,True,True,2022-11-22 23:53:49.384999936
148,ADAGBP,3976084,126946813,-1,0.2626,80.3,21.08678,0.02108678,GBP,1669161600878,False,True,True,2022-11-23 00:00:00.878000128
149,ADAGBP,3976111,126947150,-1,0.2615,80.0,20.92,0.08,ADA,1669162481039,True,True,True,2022-11-23 00:14:41.039000064
150,ADAGBP,3976145,126948078,-1,0.2626,80.3,21.08678,0.02108678,GBP,1669169951389,False,True,True,2022-11-23 02:19:11.388999936
151,ADAGBP,3976149,126948079,-1,0.2648,80.3,21.26344,0.02126344,GBP,1669170194094,False,True,True,2022-11-23 02:23:14.094000128
152,ADAGBP,3976316,126972831,-1,0.2637,79.3,20.91141,0.0793,ADA,1669194105657,True,True,True,2022-11-23 09:01:45.657000192
153,ADAGBP,3976323,126979658,-1,0.2659,79.6,21.16564,0.02116564,GBP,1669194107962,False,False,True,2022-11-23 09:01:47.961999872
154,ADAGBP,3976382,126979669,-1,0.2648,79.0,20.9192,0.079,ADA,1669196170002,True,True,True,2022-11-23 09:36:10.002000128
155,ADAGBP,3976404,126981345,-1,0.2659,79.3,21.08587,0.02108587,GBP,1669200679206,False,True,True,2022-11-23 10:51:19.206000128
156,ADAGBP,3976432,126986702,-1,0.2648,79.0,20.9192,0.079,ADA,1669201725145,True,True,True,2022-11-23 11:08:45.144999936
157,ADAGBP,3976482,126990007,-1,0.2609,79.3,20.68937,0.0793,ADA,1669208974356,True,True,True,2022-11-23 13:09:34.356000000
158,ADAGBP,3976763,126999255,-1,0.262,80.5,21.091,0.021091,GBP,1669226950108,False,True,True,2022-11-23 18:09:10.108000000
159,ADAGBP,3977242,127022032,-1,0.2609,87.8,22.90702,0.0878,ADA,1669278491036,True,True,True,2022-11-24 08:28:11.036000000
160,ADAGBP,3977315,127083857,-1,0.257,88.2,22.6674,0.0882,ADA,1669286988604,True,True,True,2022-11-24 10:49:48.604000000
161,ADAGBP,3977317,127084803,-1,0.2581,89.5,23.09995,0.02309995,GBP,1669287861720,False,True,True,2022-11-24 11:04:21.720000000
162,ADAGBP,3977670,127110473,-1,0.257,89.1,22.8987,0.0891,ADA,1669341672251,True,True,True,2022-11-25 02:01:12.250999808
163,ADAGBP,3977711,127128506,-1,0.2532,89.5,22.6614,0.0895,ADA,1669342489705,True,True,True,2022-11-25 02:14:49.704999936
164,ADAGBP,3977718,127131083,-1,0.2544,90.8,23.09952,0.02309952,GBP,1669342494565,False,False,True,2022-11-25 02:14:54.564999936
165,ADAGBP,3977849,127131099,-1,0.2582,84.6,21.84372,0.02184372,GBP,1669360624902,False,True,True,2022-11-25 07:17:04.901999872
166,ADAGBP,3977855,127131099,-1,0.2582,5.8,1.49756,0.00149756,GBP,1669360838626,False,True,True,2022-11-25 07:20:38.625999872
167,ADAGBP,3977971,127145172,-1,0.2571,89.1,22.90761,0.0891,ADA,1669364610459,True,True,True,2022-11-25 08:23:30.459000064
168,ADAGBP,3978103,127152418,-1,0.2582,89.5,23.1089,0.0231089,GBP,1669374249430,False,True,True,2022-11-25 11:04:09.430000128
169,ADAGBP,3978109,127152419,-1,0.2604,89.5,23.3058,0.0233058,GBP,1669374915645,False,True,True,2022-11-25 11:15:15.644999936
170,ADAGBP,3978131,127155129,-1,0.2593,88.3,22.89619,0.0883,ADA,1669376816081,True,True,True,2022-11-25 11:46:56.081000192
171,ADAGBP,3978169,127158025,-1,0.2604,88.7,23.09748,0.02309748,GBP,1669378786809,False,True,True,2022-11-25 12:19:46.808999936
172,ADAGBP,3978197,127159706,-1,0.2593,49.1,12.73163,0.0491,ADA,1669381511216,True,True,True,2022-11-25 13:05:11.216000000
173,ADAGBP,3978200,127159706,-1,0.2593,39.2,10.16456,0.0392,ADA,1669381726092,True,True,True,2022-11-25 13:08:46.092000000
174,ADAGBP,3978266,127162007,-1,0.2604,38.5,10.0254,0.0100254,GBP,1669388628713,False,True,True,2022-11-25 15:03:48.712999936
175,ADAGBP,3978277,127162007,-1,0.2604,50.2,13.07208,0.01307208,GBP,1669390722639,False,True,True,2022-11-25 15:38:42.639000064
176,ADAGBP,3978302,127168374,-1,0.2593,88.3,22.89619,0.0883,ADA,1669392871105,True,True,True,2022-11-25 16:14:31.104999936
177,ADAGBP,3978349,127170122,-1,0.2604,88.7,23.09748,0.02309748,GBP,1669399996969,False,True,True,2022-11-25 18:13:16.969000192
178,ADAGBP,3978506,127174229,-1,0.2643,88.3,23.33769,0.02333769,GBP,1669425666798,False,True,True,2022-11-26 01:21:06.798000128
179,ADAGBP,3978557,127191108,-1,0.2632,87.0,22.8984,0.087,ADA,1669434846525,True,True,True,2022-11-26 03:54:06.525000192
180,ADAGBP,3978651,127198404,-1,0.2643,87.4,23.09982,0.02309982,GBP,1669455074686,False,True,True,2022-11-26 09:31:14.686000128
181,ADAGBP,3978727,127207838,-1,0.2632,87.0,22.8984,0.087,ADA,1669466976482,True,True,True,2022-11-26 12:49:36.482000128
182,ADAGBP,3978757,127213181,-1,0.2643,87.4,23.09982,0.02309982,GBP,1669470853212,False,True,True,2022-11-26 13:54:13.212000000
183,ADAGBP,3978796,127214218,-1,0.2632,87.0,22.8984,0.087,ADA,1669474286749,True,True,True,2022-11-26 14:51:26.749000192
184,ADAGBP,3978900,127216769,-1,0.2593,87.4,22.66282,0.0874,ADA,1669489109104,True,True,True,2022-11-26 18:58:29.104000000
185,ADAGBP,3978967,127228420,-1,0.2604,88.7,23.09748,0.02309748,GBP,1669498754465,False,True,True,2022-11-26 21:39:14.464999936
186,ADAGBP,3978986,127232094,-1,0.2593,88.3,22.89619,0.0883,ADA,1669502615727,True,True,True,2022-11-26 22:43:35.727000064
187,ADAGBP,3979064,127233246,-1,0.2604,88.7,23.09748,0.02309748,GBP,1669515088173,False,True,True,2022-11-27 02:11:28.173000192
188,ADAGBP,3979456,127260739,-1,0.2643,88.3,23.33769,0.02333769,GBP,1669589572259,False,True,True,2022-11-27 22:52:52.259000064
189,ADAGBP,3979462,127270375,-1,0.2632,87.0,22.8984,0.087,ADA,1669590129839,True,True,True,2022-11-27 23:02:09.839000064
190,ADAGBP,3979498,127270623,-1,0.2593,87.4,22.66282,0.0874,ADA,1669591439741,True,True,True,2022-11-27 23:23:59.740999936
191,ADAGBP,3979578,127274876,-1,0.2555,88.7,22.66285,0.0887,ADA,1669598561527,True,True,True,2022-11-28 01:22:41.527000064
192,ADAGBP,3979594,127288645,-1,0.2517,90.0,22.653,0.09,ADA,1669599081084,True,True,True,2022-11-28 01:31:21.084000000
193,ADAGBP,3979600,127291758,-1,0.2528,91.4,23.10592,0.02310592,GBP,1669599206889,False,True,True,2022-11-28 01:33:26.888999936
194,ADAGBP,3979602,127292860,-1,0.2517,91.0,22.9047,0.091,ADA,1669599289354,True,True,True,2022-11-28 01:34:49.354000128
195,ADAGBP,3979763,127293444,-1,0.2528,91.4,23.10592,0.02310592,GBP,1669607002889,False,True,True,2022-11-28 03:43:22.888999936
196,ADAGBP,3979795,127312218,-1,0.2517,91.0,22.9047,0.091,ADA,1669616317999,True,True,True,2022-11-28 06:18:37.999000064
197,ADAGBP,3979801,127319455,-1,0.2528,91.4,23.10592,0.02310592,GBP,1669618007640,False,True,True,2022-11-28 06:46:47.640000000
198,ADAGBP,3979922,127330460,-1,0.2517,91.0,22.9047,0.091,ADA,1669632922522,True,True,True,2022-11-28 10:55:22.522000128
199,ADAGBP,3980048,127330697,-1,0.2528,91.4,23.10592,0.02310592,GBP,1669644148434,False,True,True,2022-11-28 14:02:28.434000128
200,ADAGBP,3980114,127337924,-1,0.2517,91.0,22.9047,0.091,ADA,1669648986700,True,True,True,2022-11-28 15:23:06.700000000
201,ADAGBP,3980119,127345862,-1,0.2528,91.4,23.10592,0.02310592,GBP,1669649586101,False,True,True,2022-11-28 15:33:06.101000192
202,ADAGBP,3980166,127347121,-1,0.2517,91.0,22.9047,0.091,ADA,1669652358474,True,True,True,2022-11-28 16:19:18.473999872
203,ADAGBP,3980174,127350887,-1,0.2528,91.4,23.10592,0.02310592,GBP,1669652660921,False,True,True,2022-11-28 16:24:20.920999936
204,ADAGBP,3980202,127351901,-1,0.2565,91.0,23.3415,0.0233415,GBP,1669654586642,False,True,True,2022-11-28 16:56:26.641999872
205,ADAGBP,3980286,127355588,-1,0.2554,89.7,22.90938,0.0897,ADA,1669658954852,True,True,True,2022-11-28 18:09:14.852000000
206,ADAGBP,3980309,127364213,-1,0.2565,90.1,23.11065,0.02311065,GBP,1669664650099,False,True,True,2022-11-28 19:44:10.099000064
207,ADAGBP,3980343,127367198,-1,0.2554,89.7,22.90938,0.0897,ADA,1669669816797,True,True,True,2022-11-28 21:10:16.796999936
208,ADAGBP,3980364,127370581,-1,0.2565,90.1,23.11065,0.02311065,GBP,1669673048814,False,True,True,2022-11-28 22:04:08.813999872
209,ADAGBP,3980403,127372821,-1,0.2554,89.7,22.90938,0.0897,ADA,1669680361009,True,True,True,2022-11-29 00:06:01.008999936
210,ADAGBP,3980426,127375889,-1,0.2565,90.1,23.11065,0.02311065,GBP,1669686130505,False,True,True,2022-11-29 01:42:10.505000192
211,ADAGBP,3980562,127381306,-1,0.2603,89.7,23.34891,0.02334891,GBP,1669710868116,False,True,True,2022-11-29 08:34:28.116000000
212,ADAGBP,3980566,127398629,-1,0.2592,38.6,10.00512,0.0386,ADA,1669710905224,True,True,True,2022-11-29 08:35:05.224000000
213,ADAGBP,3980567,127398629,-1,0.2592,49.8,12.90816,0.0498,ADA,1669710961444,True,True,True,2022-11-29 08:36:01.444000000
214,ADAGBP,3980823,127412284,-1,0.2554,92.6,23.65004,0.0926,ADA,1669742300479,True,True,True,2022-11-29 17:18:20.479000064
215,ADAGBP,3980845,127422749,-1,0.2565,94.0,24.111,0.024111,GBP,1669747144615,False,True,True,2022-11-29 18:39:04.615000064
216,ADAGBP,3981027,127425589,-1,0.2603,93.6,24.36408,0.02436408,GBP,1669768797618,False,True,True,2022-11-30 00:39:57.618000128
217,ADAGBP,3981056,127442064,-1,0.2642,92.2,24.35924,0.02435924,GBP,1669769014173,False,True,True,2022-11-30 00:43:34.173000192
218,ADAGBP,3981071,127443962,-1,0.2631,90.8,23.88948,0.0908,ADA,1669769129815,True,True,True,2022-11-30 00:45:29.815000064
219,ADAGBP,3981109,127444753,-1,0.2642,91.2,24.09504,0.02409504,GBP,1669769887199,False,True,True,2022-11-30 00:58:07.198999808
220,ADAGBP,3981127,127447616,-1,0.2631,90.8,23.88948,0.0908,ADA,1669770692766,True,True,True,2022-11-30 01:11:32.766000128
221,ADAGBP,3981181,127449525,-1,0.2642,91.2,24.09504,0.02409504,GBP,1669774872956,False,True,True,2022-11-30 02:21:12.956000000
222,ADAGBP,3981245,127455398,-1,0.2631,90.8,23.88948,0.0908,ADA,1669778365597,True,True,True,2022-11-30 03:19:25.596999936
223,ADAGBP,3981790,127477016,-1,0.2642,102.6,27.10692,0.02710692,GBP,1669823959583,False,True,True,2022-11-30 15:59:19.583000064
224,ADAGBP,3981793,127490710,-1,0.2631,102.2,26.88882,0.1022,ADA,1669824267771,True,True,True,2022-11-30 16:04:27.770999808
225,ADAGBP,3981846,127491199,-1,0.2592,102.6,26.59392,0.1026,ADA,1669829061399,True,True,True,2022-11-30 17:24:21.398999808
226,ADAGBP,3981875,127495516,-1,0.2603,104.2,27.12326,0.02712326,GBP,1669830004088,False,True,True,2022-11-30 17:40:04.088000000
227,ADAGBP,3981925,127498175,-1,0.2592,103.7,26.87904,0.1037,ADA,1669833006078,True,True,True,2022-11-30 18:30:06.078000128
228,ADAGBP,3981939,127500998,-1,0.2603,104.2,27.12326,0.02712326,GBP,1669833027984,False,True,True,2022-11-30 18:30:27.984000000
229,ADAGBP,3982123,127513155,-1,0.2642,103.7,27.39754,0.02739754,GBP,1669843981704,False,True,True,2022-11-30 21:33:01.704000000
230,ADAGBP,3982259,127517617,-1,0.2631,102.2,26.88882,0.1022,ADA,1669854930269,True,True,True,2022-12-01 00:35:30.268999936
231,ADAGBP,3982610,127560317,-1,0.2592,117.8,30.53376,0.1178,ADA,1669902325131,True,True,True,2022-12-01 13:45:25.131000064
232,ADAGBP,3982706,127568733,-1,0.2554,119.6,30.54584,0.1196,ADA,1669907857409,True,True,True,2022-12-01 15:17:37.408999936
233,ADAGBP,3982720,127572306,-1,0.2565,121.4,31.1391,0.0311391,GBP,1669908547411,False,True,True,2022-12-01 15:29:07.411000064
234,ADAGBP,3983057,127575268,-1,0.2554,120.9,30.87786,0.1209,ADA,1669936924852,True,True,True,2022-12-01 23:22:04.852000000
235,ADAGBP,3983073,127593114,-1,0.2565,121.4,31.1391,0.0311391,GBP,1669938458439,False,True,True,2022-12-01 23:47:38.438999808
236,ADAGBP,3983152,127597515,-1,0.2554,120.9,30.87786,0.1209,ADA,1669945623402,True,True,True,2022-12-02 01:47:03.401999872
237,ADAGBP,3983165,127599572,-1,0.2565,121.4,31.1391,0.0311391,GBP,1669950329206,False,True,True,2022-12-02 03:05:29.206000128
238,ADAGBP,3983169,127605428,-1,0.2554,120.9,30.87786,0.1209,ADA,1669953158393,True,True,True,2022-12-02 03:52:38.392999936
239,ADAGBP,3983184,127606836,-1,0.2565,121.4,31.1391,0.0311391,GBP,1669957550771,False,True,True,2022-12-02 05:05:50.770999808
240,ADAGBP,3983210,127610308,-1,0.2554,120.9,30.87786,0.1209,ADA,1669964449699,True,True,True,2022-12-02 07:00:49.698999808
241,ADAGBP,3983229,127613309,-1,0.2565,121.4,31.1391,0.0311391,GBP,1669966947389,False,True,True,2022-12-02 07:42:27.388999936
242,ADAGBP,3983328,127621218,-1,0.2579,200.0,51.58,0.2,ADA,1669979733902,True,True,True,2022-12-02 11:15:33.901999872
243,ADAGBP,3983340,127622067,-1,0.259,151.2,39.1608,0.0391608,GBP,1669980781763,False,True,True,2022-12-02 11:33:01.763000064
244,ADAGBP,3983408,127623086,-1,0.2579,150.6,38.83974,0.1506,ADA,1669986931297,True,True,True,2022-12-02 13:15:31.296999936
245,ADAGBP,3983460,127627483,-1,0.259,151.2,39.1608,0.0391608,GBP,1669988344446,False,True,True,2022-12-02 13:39:04.446000128
246,ADAGBP,3983560,127631867,-1,0.2579,150.6,38.83974,0.1506,ADA,1669998965733,True,True,True,2022-12-02 16:36:05.732999936
247,ADAGBP,3983626,127641317,-1,0.259,151.2,39.1608,0.0391608,GBP,1670006513911,False,True,True,2022-12-02 18:41:53.911000064
248,ADAGBP,3983948,127645588,-1,0.2579,150.6,38.83974,0.1506,ADA,1670047617000,True,True,True,2022-12-03 06:06:57
249,ADAGBP,3984015,127664810,-1,0.259,151.2,39.1608,0.0391608,GBP,1670053938079,False,True,True,2022-12-03 07:52:18.079000064
250,ADAGBP,3984046,127668495,-1,0.2628,150.6,39.57768,0.03957768,GBP,1670060786122,False,True,True,2022-12-03 09:46:26.121999872
251,ADAGBP,3984142,127672925,-1,0.2617,148.4,38.83628,0.1484,ADA,1670065631212,True,True,True,2022-12-03 11:07:11.212000
252,ADAGBP,3984174,127680347,-1,0.2628,149.0,39.1572,0.0391572,GBP,1670067817397,False,True,True,2022-12-03 11:43:37.397000192
253,ADAGBP,3984233,127681861,-1,0.2617,148.4,38.83628,0.1484,ADA,1670071296861,True,True,True,2022-12-03 12:41:36.860999936
254,ADAGBP,3984240,127683841,-1,0.2628,149.0,39.1572,0.0391572,GBP,1670073039410,False,True,True,2022-12-03 13:10:39.410000128
255,ADAGBP,3984496,127684633,-1,0.2617,148.4,38.83628,0.1484,ADA,1670101537869,True,True,True,2022-12-03 21:05:37.868999936
256,ADAGBP,3984582,127709264,-1,0.2628,149.0,39.1572,0.0391572,GBP,1670113312512,False,True,True,2022-12-04 00:21:52.512000
257,ADAGBP,3984587,127709916,-1,0.2617,148.4,38.83628,0.1484,ADA,1670114319150,True,True,True,2022-12-04 00:38:39.150000128
258,ADAGBP,3984599,127711062,-1,0.2628,149.0,39.1572,0.0391572,GBP,1670117035444,False,True,True,2022-12-04 01:23:55.444000
259,ADAGBP,3984615,127713136,-1,0.2617,148.4,38.83628,0.1484,ADA,1670128046385,True,True,True,2022-12-04 04:27:26.384999936
260,ADAGBP,3984617,127717777,-1,0.2628,149.0,39.1572,0.0391572,GBP,1670129640656,False,True,True,2022-12-04 04:54:00.656000
261,ADAGBP,3984619,127718399,-1,0.2617,148.4,38.83628,0.1484,ADA,1670134460856,True,True,True,2022-12-04 06:14:20.856000
262,ADAGBP,3984938,127720138,-1,0.2628,149.0,39.1572,0.0391572,GBP,1670176777483,False,True,True,2022-12-04 17:59:37.483000064
263,ADAGBP,3985083,127753242,-1,0.2617,163.6,42.81412,0.1636,ADA,1670204626426,True,True,True,2022-12-05 01:43:46.426000128
264,ADAGBP,3985098,127762215,-1,0.2628,164.3,43.17804,0.04317804,GBP,1670210785599,False,True,True,2022-12-05 03:26:25.599000064
265,ADAGBP,3985149,127768389,-1,0.2667,163.6,43.63212,0.04363212,GBP,1670228132161,False,True,True,2022-12-05 08:15:32.160999936
266,ADAGBP,3985210,127780781,-1,0.2656,161.2,42.81472,0.1612,ADA,1670232550561,True,True,True,2022-12-05 09:29:10.561000192
267,ADAGBP,3985241,127786577,-1,0.2667,161.9,43.17873,0.04317873,GBP,1670235721489,False,True,True,2022-12-05 10:22:01.489000192
268,ADAGBP,3985293,127788988,-1,0.2656,161.2,42.81472,0.1612,ADA,1670242021843,True,True,True,2022-12-05 12:07:01.842999808
269,ADAGBP,3985388,127814066,-1,0.264,376.3,99.3432,0.3763,ADA,1670262164534,True,False,True,2022-12-05 17:42:44.533999872
270,ADAGBP,3985421,127817771,-1,0.2601,162.9,42.37029,0.1629,ADA,1670268041566,True,True,True,2022-12-05 19:20:41.565999872
271,ADAGBP,3985423,127819733,-1,0.2612,165.3,43.17636,0.04317636,GBP,1670268184498,False,True,True,2022-12-05 19:23:04.497999872
272,ADAGBP,3985669,127836670,-1,0.2601,164.6,42.81246,0.00013554,BNB,1670321032703,True,True,True,2022-12-06 10:03:52.703000064
273,ADAGBP,3986030,127869153,-1,0.2612,165.3,43.17636,0.00013594,BNB,1670367905702,False,True,True,2022-12-06 23:05:05.701999872
274,ADAGBP,3986122,127877664,-1,0.2601,164.6,42.81246,0.0001353,BNB,1670395866793,True,True,True,2022-12-07 06:51:06.792999936
275,ADAGBP,3986174,127892313,-1,0.2562,165.3,42.34986,0.000135,BNB,1670397171190,True,True,True,2022-12-07 07:12:51.190000128
276,ADAGBP,3986635,127932374,-1,0.2524,183.5,46.3154,0.00015,BNB,1670439363062,True,True,True,2022-12-07 18:56:03.062000128
277,ADAGBP,3986681,127935536,-1,0.2535,186.2,47.2017,0.00015225,BNB,1670453269740,False,True,True,2022-12-07 22:47:49.740000
278,ADAGBP,3986729,127942744,-1,0.2524,185.4,46.79496,0.00015142,BNB,1670465783182,True,True,True,2022-12-08 02:16:23.181999872
279,ADAGBP,3986730,127952365,-1,0.2535,186.2,47.2017,0.00015193,BNB,1670467151535,False,True,True,2022-12-08 02:39:11.535000064
280,ADAGBP,3987146,127991892,-1,0.2573,185.4,47.70342,0.00015045,BNB,1670525432886,False,True,True,2022-12-08 18:50:32.885999872
281,ADAGBP,3987324,128006941,-1,0.2562,53.0,13.5786,4.316e-05,BNB,1670555938122,True,True,True,2022-12-09 03:18:58.121999872
282,ADAGBP,3987325,128006941,-1,0.2562,129.7,33.22914,0.00010573,BNB,1670556833015,True,True,True,2022-12-09 03:33:53.015000064
283,ADAGBP,3987344,128010663,-1,0.2573,183.5,47.21455,0.00014934,BNB,1670571111144,False,True,True,2022-12-09 07:31:51.144000
284,ADAGBP,3987447,128015123,-1,0.2562,182.7,46.80774,0.00014811,BNB,1670588282465,True,True,True,2022-12-09 12:18:02.464999936
285,ADAGBP,3987622,128024292,-1,0.2524,183.5,46.3154,0.00014808,BNB,1670616510077,True,True,True,2022-12-09 20:08:30.076999936
286,ADAGBP,3987647,128044139,-1,0.2535,186.2,47.2017,0.00015096,BNB,1670620667824,False,True,True,2022-12-09 21:17:47.824000
287,ADAGBP,3988121,128082629,-1,0.2524,185.4,46.79496,0.00014905,BNB,1670792437485,True,True,True,2022-12-11 21:00:37.484999936
288,ADAGBP,3988318,128092910,-1,0.2487,186.2,46.30794,0.00014942,BNB,1670813604051,True,True,True,2022-12-12 02:53:24.051000064
289,ADAGBP,3988504,128128597,-1,0.2497,189.0,47.1933,0.00015321,BNB,1670847257756,False,True,True,2022-12-12 12:14:17.756000
290,ADAGBP,3988507,128131641,-1,0.2487,188.2,46.80534,0.00015229,BNB,1670847747408,True,True,True,2022-12-12 12:22:27.408000
291,ADAGBP,3988727,128146605,-1,0.2497,213.1,53.21107,0.0001776,BNB,1670880017510,False,True,True,2022-12-12 21:20:17.509999872
292,ADAGBP,3988762,128150329,-1,0.2487,212.3,52.79901,0.00017577,BNB,1670884595131,True,True,True,2022-12-12 22:36:35.131000064
293,ADAGBP,3988786,128155185,-1,0.2497,213.1,53.21107,0.00017689,BNB,1670888641133,False,True,True,2022-12-12 23:44:01.132999936
294,ADAGBP,3988801,128156707,-1,0.2487,212.3,52.79901,0.00017689,BNB,1670893540132,True,True,True,2022-12-13 01:05:40.132000
295,ADAGBP,3988916,128159491,-1,0.245,213.1,52.2095,0.00018699,BNB,1670915576553,True,True,True,2022-12-13 07:12:56.552999936
296,ADAGBP,3988937,128173411,-1,0.246,203.2,49.9872,0.00017667,BNB,1670917586694,False,True,True,2022-12-13 07:46:26.694000128
297,ADAGBP,3988947,128173411,-1,0.246,13.1,3.2226,1.137e-05,BNB,1670917719815,False,True,True,2022-12-13 07:48:39.815000064
298,ADAGBP,3989003,128177576,-1,0.245,215.4,52.773,0.00018351,BNB,1670921977700,True,True,True,2022-12-13 08:59:37.700000
299,ADAGBP,3989026,128180128,-1,0.246,216.3,53.2098,0.0001845,BNB,1670922967326,False,True,True,2022-12-13 09:16:07.325999872
300,ADAGBP,3989126,128181030,-1,0.2496,215.4,53.76384,0.00018471,BNB,1670928275547,False,True,True,2022-12-13 10:44:35.546999808
301,ADAGBP,3989142,128186563,-1,0.2486,212.3,52.77778,0.00018246,BNB,1670928556039,True,True,True,2022-12-13 10:49:16.039000064
302,ADAGBP,3989297,128186876,-1,0.2496,213.2,53.21472,0.00018434,BNB,1670939246365,False,True,True,2022-12-13 13:47:26.364999936
303,ADAGBP,3989386,128186877,-1,0.2518,213.2,53.68376,0.00018451,BNB,1670940962719,False,True,True,2022-12-13 14:16:02.719000064
304,ADAGBP,3989590,128206884,-1,0.2507,65.3,16.37071,5.626e-05,BNB,1670953096006,True,True,True,2022-12-13 17:38:16.006000128
305,ADAGBP,3989591,128206884,-1,0.2507,130.8,32.79156,0.00011291,BNB,1670953228822,True,True,True,2022-12-13 17:40:28.822000128
306,ADAGBP,3989592,128206884,-1,0.2507,14.4,3.61008,1.247e-05,BNB,1670953349291,True,True,True,2022-12-13 17:42:29.290999808
307,ADAGBP,3989628,128218161,-1,0.247,211.4,52.2158,0.00018169,BNB,1670956560182,True,True,True,2022-12-13 18:36:00.181999872
308,ADAGBP,3989675,128218928,-1,0.248,214.6,53.2208,0.00018582,BNB,1670965352089,False,True,True,2022-12-13 21:02:32.088999936
309,ADAGBP,3989762,128221933,-1,0.2517,213.7,53.78829,0.00018479,BNB,1670975873030,False,True,True,2022-12-13 23:57:53.029999872
310,ADAGBP,3989808,128230201,-1,0.2506,210.6,52.77636,0.00018243,BNB,1670984482434,True,True,True,2022-12-14 02:21:22.434000128
311,ADAGBP,3989826,128230203,-1,0.2485,210.6,52.3341,0.00017911,BNB,1670987356140,True,True,True,2022-12-14 03:09:16.140000
312,ADAGBP,3989960,128238875,-1,0.2499,213.3,53.30367,0.00017991,BNB,1671003840542,False,False,True,2022-12-14 07:44:00.542000128
313,ADAGBP,3990480,128249197,-1,0.2489,212.1,52.79169,0.00018261,BNB,1671044523146,True,True,True,2022-12-14 19:02:03.145999872
314,ADAGBP,3990503,128266034,-1,0.2499,212.9,53.20371,0.00018516,BNB,1671044641111,False,True,True,2022-12-14 19:04:01.111000064
315,ADAGBP,3990513,128267018,-1,0.2489,212.1,52.79169,0.00018277,BNB,1671044854826,True,True,True,2022-12-14 19:07:34.825999872
316,ADAGBP,3990718,128267272,-1,0.2452,212.9,52.20308,0.00018426,BNB,1671068692769,True,True,True,2022-12-15 01:44:52.768999936
317,ADAGBP,3991203,128290617,-1,0.2462,216.2,53.22844,0.00018628,BNB,1671117131371,False,True,True,2022-12-15 15:12:11.371000064
318,ADAGBP,3991236,128324391,-1,0.2452,215.3,52.79156,0.00018488,BNB,1671119303033,True,True,True,2022-12-15 15:48:23.032999936
319,ADAGBP,3991270,128326077,-1,0.2462,216.2,53.22844,0.00018611,BNB,1671123765511,False,True,True,2022-12-15 17:02:45.510999808
320,ADAGBP,3991302,128329135,-1,0.2452,215.3,52.79156,0.00018633,BNB,1671130119333,True,True,True,2022-12-15 18:48:39.332999936
321,ADAGBP,3991424,128333011,-1,0.2462,216.2,53.22844,0.00018707,BNB,1671133398027,False,True,True,2022-12-15 19:43:18.027000064
322,ADAGBP,3991470,128337820,-1,0.2452,215.3,52.79156,0.00018682,BNB,1671139691210,True,True,True,2022-12-15 21:28:11.210000128
323,ADAGBP,3991727,128340440,-1,0.2416,216.2,52.23392,0.00018484,BNB,1671180897447,True,True,True,2022-12-16 08:54:57.447000064
324,ADAGBP,3991781,128358972,-1,0.238,219.4,52.2172,0.00018544,BNB,1671181230148,True,True,True,2022-12-16 09:00:30.148000
325,ADAGBP,3991824,128362034,-1,0.2345,222.7,52.22315,0.00018672,BNB,1671181308551,True,True,True,2022-12-16 09:01:48.551000064
326,ADAGBP,3991844,128362761,-1,0.2355,226.0,53.223,0.00019062,BNB,1671181377460,False,True,True,2022-12-16 09:02:57.460000
327,ADAGBP,3991849,128363531,-1,0.2345,225.1,52.78595,0.00018807,BNB,1671181386524,True,True,True,2022-12-16 09:03:06.524000
328,ADAGBP,3991858,128363638,-1,0.2355,226.0,53.223,0.00019017,BNB,1671181429283,False,True,True,2022-12-16 09:03:49.283000064
329,ADAGBP,3991901,128363992,-1,0.2345,225.1,52.78595,0.00018908,BNB,1671181572419,True,True,True,2022-12-16 09:06:12.418999808
330,ADAGBP,3992004,128365367,-1,0.2355,226.0,53.223,0.00019116,BNB,1671182166894,False,True,True,2022-12-16 09:16:06.894000128
331,ADAGBP,3992113,128370169,-1,0.2345,225.1,52.78595,0.00019245,BNB,1671186604989,True,True,True,2022-12-16 10:30:04.989000192
332,ADAGBP,3992130,128380636,-1,0.2355,226.0,53.223,0.00019471,BNB,1671186957861,False,True,True,2022-12-16 10:35:57.860999936
333,ADAGBP,3992182,128381253,-1,0.2345,225.1,52.78595,0.00019212,BNB,1671189917032,True,True,True,2022-12-16 11:25:17.032000
334,ADAGBP,3992452,128388561,-1,0.231,52.4,12.1044,4.515e-05,BNB,1671206939562,True,True,True,2022-12-16 16:08:59.562000128
335,ADAGBP,3992453,128388561,-1,0.231,156.6,36.1746,0.00013494,BNB,1671206941079,True,True,True,2022-12-16 16:09:01.079000064
336,ADAGBP,3992478,128404572,-1,0.232,212.1,49.2072,0.00018406,BNB,1671207255241,False,True,True,2022-12-16 16:14:15.240999936
337,ADAGBP,3992495,128406196,-1,0.231,211.2,48.7872,0.00018374,BNB,1671207772604,True,True,True,2022-12-16 16:22:52.604000
338,ADAGBP,3992516,128407682,-1,0.232,212.1,49.2072,0.00018517,BNB,1671208223342,False,True,True,2022-12-16 16:30:23.342000128
339,ADAGBP,3992529,128409332,-1,0.231,211.2,48.7872,0.00018501,BNB,1671209668757,True,True,True,2022-12-16 16:54:28.756999936
340,ADAGBP,3992544,128411277,-1,0.232,212.1,49.2072,0.00018535,BNB,1671210142775,False,True,True,2022-12-16 17:02:22.775000064
341,ADAGBP,3992781,128412430,-1,0.231,211.2,48.7872,0.0001877,BNB,1671230028559,True,True,True,2022-12-16 22:33:48.559000064
342,ADAGBP,3992801,128426940,-1,0.2276,212.1,48.27396,0.00018786,BNB,1671230070021,True,True,True,2022-12-16 22:34:30.020999936
343,ADAGBP,3992810,128427375,-1,0.2286,215.3,49.21758,0.00019175,BNB,1671230137146,False,True,True,2022-12-16 22:35:37.145999872
344,ADAGBP,3992813,128427966,-1,0.2276,214.3,48.77468,0.00018917,BNB,1671230240067,True,True,True,2022-12-16 22:37:20.066999808
345,ADAGBP,3992826,128428515,-1,0.2242,215.3,48.27026,0.00019005,BNB,1671230260066,True,True,True,2022-12-16 22:37:40.065999872
346,ADAGBP,3992841,128428907,-1,0.2209,218.6,48.28874,0.00019296,BNB,1671230277768,True,True,True,2022-12-16 22:37:57.768000
347,ADAGBP,3992891,128429093,-1,0.2176,221.8,48.26368,0.00019146,BNB,1671230294652,True,True,True,2022-12-16 22:38:14.652000
348,ADAGBP,3992910,128429439,-1,0.2185,225.2,49.2062,0.00019474,BNB,1671230305206,False,True,True,2022-12-16 22:38:25.206000128
349,ADAGBP,3992913,128429615,-1,0.2168,224.3,48.62824,0.00019362,BNB,1671230307058,True,False,True,2022-12-16 22:38:27.058000128
350,ADAGBP,3992921,128429616,-1,0.2157,224.3,48.38151,0.00019362,BNB,1671230310176,True,True,True,2022-12-16 22:38:30.176000
351,ADAGBP,3992939,128429802,-1,0.2125,227.2,48.28,0.00019612,BNB,1671230333909,True,True,True,2022-12-16 22:38:53.908999936
352,ADAGBP,3993008,128430119,-1,0.2134,230.6,49.21004,0.00019537,BNB,1671230424826,False,True,True,2022-12-16 22:40:24.825999872
353,ADAGBP,3993105,128431444,-1,0.2166,229.6,49.73136,0.00019744,BNB,1671230455707,False,True,True,2022-12-16 22:40:55.707000064
354,ADAGBP,3993275,128432086,-1,0.2198,226.2,49.71876,0.00019533,BNB,1671230911282,False,True,True,2022-12-16 22:48:31.282000128
355,ADAGBP,3993290,128436116,-1,0.2189,222.9,48.79281,0.00019224,BNB,1671231078399,True,True,True,2022-12-16 22:51:18.398999808
356,ADAGBP,3993297,128436998,-1,0.2198,223.8,49.19124,0.00019407,BNB,1671231187895,False,True,True,2022-12-16 22:53:07.895000064
357,ADAGBP,3993328,128437679,-1,0.2189,222.9,48.79281,0.00019191,BNB,1671231296126,True,True,True,2022-12-16 22:54:56.125999872
358,ADAGBP,3993464,128438314,-1,0.2157,223.8,48.27366,0.00019185,BNB,1671232429589,True,True,True,2022-12-16 23:13:49.588999936
359,ADAGBP,3993473,128443495,-1,0.2166,227.2,49.21152,0.00019538,BNB,1671232532016,False,True,True,2022-12-16 23:15:32.016000
360,ADAGBP,3993499,128444299,-1,0.2157,226.2,48.79134,0.00019339,BNB,1671232830294,True,True,True,2022-12-16 23:20:30.293999872
361,ADAGBP,3993527,128445978,-1,0.2166,227.2,49.21152,0.00019497,BNB,1671233007927,False,True,True,2022-12-16 23:23:27.927000064
362,ADAGBP,3993536,128447446,-1,0.2157,226.2,48.79134,0.00019374,BNB,1671233285905,True,True,True,2022-12-16 23:28:05.904999936
363,ADAGBP,3993554,128448955,-1,0.2166,227.2,49.21152,0.00019684,BNB,1671233957247,False,True,True,2022-12-16 23:39:17.247000064
364,ADAGBP,3993688,128452602,-1,0.2157,226.2,48.79134,0.00019509,BNB,1671241737185,True,True,True,2022-12-17 01:48:57.184999936
365,ADAGBP,3993692,128467184,-1,0.2166,227.2,49.21152,0.00019779,BNB,1671241988137,False,True,True,2022-12-17 01:53:08.137000192
366,ADAGBP,3993704,128467575,-1,0.2157,226.2,48.79134,0.00019644,BNB,1671242287654,True,True,True,2022-12-17 01:58:07.654000128
367,ADAGBP,3993787,128484141,-1,0.2166,227.2,49.21152,0.00019476,BNB,1671258844268,False,True,True,2022-12-17 06:34:04.268000
368,ADAGBP,3993986,128501256,-1,0.2198,226.2,49.71876,0.00018957,BNB,1671274582081,False,True,True,2022-12-17 10:56:22.081000192
369,ADAGBP,3993992,128502802,-1,0.2189,159.8,34.98022,0.00013386,BNB,1671276284870,True,True,True,2022-12-17 11:24:44.869999872
370,ADAGBP,3993998,128502802,-1,0.2189,63.1,13.81259,5.29e-05,BNB,1671276753969,True,True,True,2022-12-17 11:32:33.969000192
371,ADAGBP,3994221,128505243,-1,0.2157,223.8,48.27366,0.00018732,BNB,1671298689251,True,True,True,2022-12-17 17:38:09.250999808
372,ADAGBP,3994316,128521707,-1,0.2166,227.2,49.21152,0.00019083,BNB,1671304031451,False,True,True,2022-12-17 19:07:11.451000064
373,ADAGBP,3994334,128528763,-1,0.2145,226.2,48.5199,0.00018966,BNB,1671306135567,True,False,True,2022-12-17 19:42:15.566999808
374,ADAGBP,3994389,128528783,-1,0.2154,228.4,49.19736,0.00019009,BNB,1671316724825,False,True,True,2022-12-17 22:38:44.824999936
375,ADAGBP,3994428,128534188,-1,0.2186,227.5,49.7315,0.00018875,BNB,1671320713379,False,True,True,2022-12-17 23:45:13.379000064
376,ADAGBP,3994461,128538320,-1,0.2218,95.9,21.27062,8.085e-05,BNB,1671322777126,False,True,True,2022-12-18 00:19:37.125999872
377,ADAGBP,3994462,128538320,-1,0.2218,128.3,28.45694,0.00010817,BNB,1671322777259,False,True,True,2022-12-18 00:19:37.259000064
378,ADAGBP,3994475,128542368,-1,0.2209,45.8,10.11722,3.846e-05,BNB,1671323015839,True,True,True,2022-12-18 00:23:35.839000064
379,ADAGBP,3994476,128542368,-1,0.2209,175.1,38.67959,0.00014708,BNB,1671323015840,True,True,True,2022-12-18 00:23:35.840000
380,ADAGBP,3994574,128545327,-1,0.2176,221.8,48.26368,0.00017898,BNB,1671352013915,True,True,True,2022-12-18 08:26:53.915000064
381,ADAGBP,3994870,128555138,-1,0.2185,225.2,49.2062,0.00018081,BNB,1671386611098,False,True,True,2022-12-18 18:03:31.098000128
382,ADAGBP,3994877,128571927,-1,0.2176,224.3,48.80768,0.00018033,BNB,1671386738345,True,True,True,2022-12-18 18:05:38.344999936
383,ADAGBP,3994924,128572302,-1,0.2185,225.2,49.2062,0.00018161,BNB,1671387069456,False,True,True,2022-12-18 18:11:09.456000
384,ADAGBP,3994931,128572897,-1,0.2176,224.3,48.80768,0.000181,BNB,1671389045060,True,True,True,2022-12-18 18:44:05.060000
385,ADAGBP,3994947,128574253,-1,0.2185,77.7,16.97745,6.269e-05,BNB,1671390137484,False,True,True,2022-12-18 19:02:17.484000
386,ADAGBP,3994948,128574253,-1,0.2185,147.5,32.22875,0.00011901,BNB,1671390156317,False,True,True,2022-12-18 19:02:36.316999936
387,ADAGBP,3994978,128576408,-1,0.2176,224.3,48.80768,0.00018033,BNB,1671398176137,True,True,True,2022-12-18 21:16:16.137000192
388,ADAGBP,3994995,128579524,-1,0.2185,225.2,49.2062,0.00018036,BNB,1671402961871,False,True,True,2022-12-18 22:36:01.871000064
389,ADAGBP,3995014,128581689,-1,0.2176,224.3,48.80768,0.00017865,BNB,1671403666392,True,True,True,2022-12-18 22:47:46.392000
390,ADAGBP,3995054,128582392,-1,0.2185,225.2,49.2062,0.00017923,BNB,1671404804276,False,True,True,2022-12-18 23:06:44.276000
391,ADAGBP,3995071,128584012,-1,0.2176,224.3,48.80768,0.00017814,BNB,1671407230696,True,True,True,2022-12-18 23:47:10.696000
392,ADAGBP,3995074,128585547,-1,0.2185,225.2,49.2062,0.00017923,BNB,1671409697983,False,True,True,2022-12-19 00:28:17.983000064
393,ADAGBP,3995109,128587565,-1,0.2176,224.3,48.80768,0.00018016,BNB,1671417274657,True,True,True,2022-12-19 02:34:34.657000192
394,ADAGBP,3995413,128612174,-1,0.2139,225.2,48.17028,0.00017919,BNB,1671467060815,True,True,True,2022-12-19 16:24:20.815000064
395,ADAGBP,3995471,128629639,-1,0.2103,229.1,48.17973,0.00018178,BNB,1671471188368,True,True,True,2022-12-19 17:33:08.368000
396,ADAGBP,3995502,128638077,-1,0.2112,233.0,49.2096,0.00018462,BNB,1671472053684,False,True,True,2022-12-19 17:47:33.684000
397,ADAGBP,3995518,128642094,-1,0.2103,232.0,48.7896,0.00018321,BNB,1671473887460,True,True,True,2022-12-19 18:18:07.460000
398,ADAGBP,3995519,128644916,-1,0.2112,233.0,49.2096,0.00018444,BNB,1671474370679,False,True,True,2022-12-19 18:26:10.678999808
399,ADAGBP,3995539,128645475,-1,0.2103,232.0,48.7896,0.00018391,BNB,1671475392112,True,True,True,2022-12-19 18:43:12.112000
400,ADAGBP,3995595,128646941,-1,0.2067,233.0,48.1611,0.000184,BNB,1671476077714,True,True,True,2022-12-19 18:54:37.713999872
401,ADAGBP,3995604,128649063,-1,0.2075,237.1,49.19825,0.00018626,BNB,1671476114658,False,True,True,2022-12-19 18:55:14.657999872
402,ADAGBP,3995802,128649480,-1,0.211,236.1,49.8171,0.00018699,BNB,1671482281511,False,True,True,2022-12-19 20:38:01.510999808
403,ADAGBP,3995826,128660991,-1,0.2101,232.2,48.78522,0.00018337,BNB,1671487223306,True,True,True,2022-12-19 22:00:23.305999872
404,ADAGBP,3995851,128660992,-1,0.2081,232.2,48.32082,0.00018285,BNB,1671489010743,True,True,True,2022-12-19 22:30:10.743000064
405,ADAGBP,3995941,128672050,-1,0.2091,235.5,49.24305,0.00018493,BNB,1671495894670,False,True,True,2022-12-20 00:24:54.670000128
406,ADAGBP,3995948,128673269,-1,0.2081,234.3,48.75783,0.00018345,BNB,1671496300067,True,True,True,2022-12-20 00:31:40.066999808
407,ADAGBP,3995962,128675998,-1,0.2091,235.5,49.24305,0.0001842,BNB,1671499938424,False,True,True,2022-12-20 01:32:18.424000
408,ADAGBP,3996356,128682109,-1,0.2148,234.3,50.32764,0.00018278,BNB,1671550313013,False,True,True,2022-12-20 15:31:53.012999936
409,ADAGBP,3996387,128725672,-1,0.2138,228.1,48.76778,0.00017706,BNB,1671552613348,True,True,True,2022-12-20 16:10:13.348000
410,ADAGBP,3996606,128736305,-1,0.208,229.2,47.6736,0.00017516,BNB,1671595988711,True,True,True,2022-12-21 04:13:08.711000064
411,ADAGBP,3996818,128755060,-1,0.209,235.6,49.2404,0.00018111,BNB,1671612290989,False,True,True,2022-12-21 08:44:50.989000192
412,ADAGBP,3997032,128772629,-1,0.208,234.4,48.7552,0.00017826,BNB,1671627558949,True,True,True,2022-12-21 12:59:18.948999936
413,ADAGBP,3997085,128784385,-1,0.209,235.6,49.2404,0.00017979,BNB,1671633041436,False,True,True,2022-12-21 14:30:41.436000
414,ADAGBP,3997101,128788190,-1,0.208,234.4,48.7552,0.00017826,BNB,1671634667142,True,True,True,2022-12-21 14:57:47.141999872
415,ADAGBP,3997264,128790598,-1,0.209,235.6,49.2404,0.00018049,BNB,1671664279069,False,True,True,2022-12-21 23:11:19.068999936
416,ADAGBP,3997347,128809029,-1,0.208,234.4,48.7552,0.00017931,BNB,1671689226335,True,True,True,2022-12-22 06:07:06.335000064
417,ADAGBP,3997391,128820286,-1,0.209,235.6,49.2404,0.00018174,BNB,1671701328410,False,True,True,2022-12-22 09:28:48.410000128
418,ADAGBP,3997518,128826321,-1,0.208,199.3,41.4544,0.00015485,BNB,1671720629160,True,True,True,2022-12-22 14:50:29.160000
419,ADAGBP,3997519,128826321,-1,0.208,35.1,7.3008,2.724e-05,BNB,1671720769175,True,True,True,2022-12-22 14:52:49.175000064
420,ADAGBP,3997582,128841788,-1,0.209,235.6,49.2404,0.00018345,BNB,1671726805884,False,True,True,2022-12-22 16:33:25.884000
421,ADAGBP,3997614,128849709,-1,0.208,234.4,48.7552,0.0001823,BNB,1671730386082,True,True,True,2022-12-22 17:33:06.082000128
422,ADAGBP,3997678,128853158,-1,0.209,235.6,49.2404,0.000183,BNB,1671737815535,False,True,True,2022-12-22 19:36:55.535000064
423,ADAGBP,3997890,128858652,-1,0.2147,143.0,30.7021,0.00011265,BNB,1671760978132,False,True,True,2022-12-23 02:02:58.132000
424,ADAGBP,3997891,128858652,-1,0.2147,91.4,19.62358,7.2e-05,BNB,1671760978312,False,True,True,2022-12-23 02:02:58.312000
425,ADAGBP,3997936,128877552,-1,0.2137,228.2,48.76634,0.00018124,BNB,1671762005337,True,True,True,2022-12-23 02:20:05.336999936
426,ADAGBP,3997948,128880811,-1,0.2158,229.3,49.48294,0.00018201,BNB,1671762007690,False,False,True,2022-12-23 02:20:07.690000128
427,ADAGBP,3998070,128880823,-1,0.2148,227.1,48.78108,0.00017917,BNB,1671775019860,True,True,True,2022-12-23 05:56:59.860000
428,ADAGBP,3998092,128891394,-1,0.2158,228.1,49.22398,0.00018034,BNB,1671782293874,False,True,True,2022-12-23 07:58:13.874000128
429,ADAGBP,3998184,128895739,-1,0.2148,227.1,48.78108,0.00017985,BNB,1671794055036,True,True,True,2022-12-23 11:14:15.036000
430,ADAGBP,3998372,128902781,-1,0.2158,53.3,11.50214,4.236e-05,BNB,1671816145524,False,True,True,2022-12-23 17:22:25.524000
431,ADAGBP,3998395,128902781,-1,0.2158,174.8,37.72184,0.00013861,BNB,1671818908710,False,True,True,2022-12-23 18:08:28.710000128
432,ADAGBP,3998454,128925474,-1,0.2148,227.1,48.78108,0.00017917,BNB,1671829111149,True,True,True,2022-12-23 20:58:31.148999936
433,ADAGBP,3998507,128931114,-1,0.2158,228.1,49.22398,0.00018087,BNB,1671842812069,False,True,True,2022-12-24 00:46:52.068999936
434,ADAGBP,3998558,128935768,-1,0.2148,227.1,48.78108,0.00018054,BNB,1671859367441,True,True,True,2022-12-24 05:22:47.440999936
435,ADAGBP,3999058,128955802,-1,0.2158,228.1,49.22398,0.00018249,BNB,1672020435822,False,True,True,2022-12-26 02:07:15.822000128
436,ADAGBP,3999145,128994458,-1,0.2148,227.1,48.78108,0.00018139,BNB,1672036584862,True,True,True,2022-12-26 06:36:24.861999872
437,ADAGBP,3999163,129002719,-1,0.2158,228.1,49.22398,0.00018339,BNB,1672050287550,False,True,True,2022-12-26 10:24:47.549999872
438,ADAGBP,3999669,129070155,-1,0.2148,227.1,48.78108,0.00017985,BNB,1672161806119,True,True,True,2022-12-27 17:23:26.119000064
439,ADAGBP,3999823,129081539,-1,0.2158,228.1,49.22398,0.00018043,BNB,1672181626598,False,True,True,2022-12-27 22:53:46.598000128
440,ADAGBP,3999843,129085811,-1,0.2148,227.1,48.78108,0.00017952,BNB,1672189772089,True,True,True,2022-12-28 01:09:32.088999936
441,ADAGBP,3999917,129096447,-1,0.2089,228.1,47.65009,0.00017757,BNB,1672206278421,True,True,True,2022-12-28 05:44:38.420999936
442,ADAGBP,4000161,129113493,-1,0.2099,234.6,49.24254,0.00018327,BNB,1672238597838,False,True,True,2022-12-28 14:43:17.838000128
443,ADAGBP,4000184,129122810,-1,0.2089,233.4,48.75726,0.00018169,BNB,1672241366975,True,True,True,2022-12-28 15:29:26.974999808
444,ADAGBP,4000221,129126496,-1,0.2099,234.6,49.24254,0.00018174,BNB,1672250527420,False,True,True,2022-12-28 18:02:07.420000
445,ADAGBP,4000238,129134220,-1,0.2089,233.4,48.75726,0.00018082,BNB,1672257105193,True,True,True,2022-12-28 19:51:45.193000192
446,ADAGBP,4000416,129137315,-1,0.2032,234.6,47.67072,0.00017612,BNB,1672273394686,True,True,True,2022-12-29 00:23:14.686000128
447,ADAGBP,4000436,129151766,-1,0.2042,241.1,49.23262,0.0001818,BNB,1672274079299,False,True,True,2022-12-29 00:34:39.299000064
448,ADAGBP,4000490,129153456,-1,0.2032,240.0,48.768,0.00018036,BNB,1672279358066,True,True,True,2022-12-29 02:02:38.065999872
449,ADAGBP,4000553,129157530,-1,0.2042,241.1,49.23262,0.00018144,BNB,1672285959120,False,True,True,2022-12-29 03:52:39.120000
450,ADAGBP,4000582,129164093,-1,0.2032,240.0,48.768,0.00018036,BNB,1672298941283,True,True,True,2022-12-29 07:29:01.283000064
451,ADAGBP,4000659,129177008,-1,0.2042,241.1,49.23262,0.00018108,BNB,1672310547701,False,True,True,2022-12-29 10:42:27.700999936
452,ADAGBP,4000842,129178406,-1,0.2032,240.0,48.768,0.00017964,BNB,1672335348082,True,True,True,2022-12-29 17:35:48.082000128
453,ADAGBP,4001819,129251341,-1,0.2052,241.1,49.47372,0.00018162,BNB,1672496448494,False,True,True,2022-12-31 14:20:48.493999872
454,ADAGBP,4002083,129306719,-1,0.2032,238.8,48.52416,0.00017892,BNB,1672527055576,True,True,True,2022-12-31 22:50:55.576000
455,ADAGBP,4002264,129313630,-1,0.2052,241.1,49.47372,0.00018314,BNB,1672593648446,False,True,True,2023-01-01 17:20:48.446000128
456,ADAGBP,4003525,129435159,-1,0.2139,238.8,51.07932,0.00018596,BNB,1672800191396,False,True,True,2023-01-04 02:43:11.396000
457,ADAGBP,4004056,129474447,-1,0.2211,229.1,50.65401,0.00017902,BNB,1672843267101,False,True,True,2023-01-04 14:41:07.101000192
458,ADAGBP,4005041,129588731,-1,0.2282,221.6,50.56912,0.00017591,BNB,1672965041530,False,True,True,2023-01-06 00:30:41.529999872
459,ADAGBP,4006321,129725710,-1,0.2356,214.7,50.58332,0.00017538,BNB,1673170225513,False,True,True,2023-01-08 09:30:25.512999936
460,ADAGBP,4007086,129832994,-1,0.2432,208.0,50.5856,0.00016801,BNB,1673219335872,False,True,True,2023-01-08 23:08:55.872000
461,ADAGBP,4007345,129832995,-1,0.2491,208.0,51.8128,0.00016991,BNB,1673225766437,False,True,True,2023-01-09 00:56:06.436999936
462,ADAGBP,4009346,129931658,-1,0.2692,196.7,52.95164,0.00017341,BNB,1673249794797,False,False,True,2023-01-09 07:36:34.796999936
463,ADAGBP,4009347,129931660,-1,0.2691,196.7,52.93197,0.00017335,BNB,1673249795017,False,False,True,2023-01-09 07:36:35.016999936
464,ADAGBP,4009795,129931689,-1,0.2638,182.1,48.03798,0.00015787,BNB,1673272114429,True,True,True,2023-01-09 13:48:34.428999936
465,ADAGBP,4010216,129960724,-1,0.2553,99.0,25.2747,8.486e-05,BNB,1673296738825,True,True,True,2023-01-09 20:38:58.824999936
466,ADAGBP,4010217,129960724,-1,0.2553,86.7,22.13451,7.431e-05,BNB,1673296738834,True,True,True,2023-01-09 20:38:58.834000128
467,ADAGBP,4010307,130005273,-1,0.2603,191.9,49.95157,0.00016716,BNB,1673300362153,False,True,True,2023-01-09 21:39:22.153000192
468,ADAGBP,4010560,130010988,-1,0.2552,188.2,48.02864,0.00016189,BNB,1673318412365,True,True,True,2023-01-10 02:40:12.364999936
469,ADAGBP,4010819,130036217,-1,0.2602,192.0,49.9584,0.00016557,BNB,1673338995462,False,True,True,2023-01-10 08:23:15.461999872
470,ADAGBP,4012363,130153501,-1,0.2551,188.3,48.03533,0.00015788,BNB,1673446428951,True,True,True,2023-01-11 14:13:48.951000064
471,ADAGBP,4012514,130173652,-1,0.2601,192.1,49.96521,0.00016285,BNB,1673465495928,False,True,True,2023-01-11 19:31:35.928000
472,ADAGBP,4012734,130197977,-1,0.2685,188.4,50.5854,0.00016178,BNB,1673484738351,False,True,True,2023-01-12 00:52:18.351000064
473,ADAGBP,4013112,130229247,-1,0.2632,182.5,48.034,0.00015562,BNB,1673518029839,True,True,True,2023-01-12 10:07:09.839000064
474,ADAGBP,4013470,130263960,-1,0.2684,186.2,49.97608,0.00016113,BNB,1673530977318,False,True,True,2023-01-12 13:42:57.318000128
475,ADAGBP,4015673,130391274,-1,0.2767,182.6,50.52542,0.00016015,BNB,1673643450042,False,True,True,2023-01-13 20:57:30.042000128
476,ADAGBP,4015846,130447912,-1,0.2853,177.1,50.52663,0.00015828,BNB,1673646850129,False,True,True,2023-01-13 21:54:10.128999936
477,ADAGBP,4016090,130460154,-1,0.2793,171.7,47.95581,0.00015015,BNB,1673650215733,True,True,True,2023-01-13 22:50:15.732999936
478,ADAGBP,4016276,130472114,-1,0.2852,175.4,50.02408,0.00015586,BNB,1673655171030,False,True,True,2023-01-14 00:12:51.029999872
479,ADAGBP,4016480,130477409,-1,0.294,171.8,50.5092,0.0001543,BNB,1673656708639,False,True,True,2023-01-14 00:38:28.639000064
480,ADAGBP,4016878,130484166,-1,0.2878,166.7,47.97626,0.00014615,BNB,1673657345876,True,True,True,2023-01-14 00:49:05.876000
481,ADAGBP,4017369,130492396,-1,0.2938,170.3,50.03414,0.00014884,BNB,1673661477993,False,True,True,2023-01-14 01:57:57.992999936
482,ADAGBP,4019066,130514310,-1,0.2876,166.8,47.97168,0.00014499,BNB,1673687861547,True,True,True,2023-01-14 09:17:41.546999808
483,ADAGBP,4019164,130589390,-1,0.2787,170.4,47.49048,0.00014556,BNB,1673688028228,True,True,True,2023-01-14 09:20:28.228000
484,ADAGBP,4019515,130591456,-1,0.2846,175.8,50.03268,0.00015033,BNB,1673688490525,False,True,True,2023-01-14 09:28:10.525000192
485,ADAGBP,4022770,130603193,-1,0.2786,172.2,47.97492,0.00014994,BNB,1673772747288,True,True,True,2023-01-15 08:52:27.288000
486,ADAGBP,4023154,130759917,-1,0.2845,175.9,50.04355,0.00015275,BNB,1673794222085,False,True,True,2023-01-15 14:50:22.084999936
487,ADAGBP,4024101,130787348,-1,0.2933,172.2,50.50626,0.00015163,BNB,1673835867673,False,True,True,2023-01-16 02:24:27.673000192
488,ADAGBP,4024541,130870904,-1,0.2871,167.1,47.97441,0.00014688,BNB,1673856567432,True,True,True,2023-01-16 08:09:27.432000
489,ADAGBP,4025341,130893545,-1,0.2782,170.7,47.48874,0.00014825,BNB,1673882089127,True,True,True,2023-01-16 15:14:49.127000064
490,ADAGBP,4025414,130945710,-1,0.284,176.1,50.0124,0.00015403,BNB,1673883087676,False,True,True,2023-01-16 15:31:27.676000
491,ADAGBP,4028563,131014702,-1,0.278,172.5,47.955,0.00015045,BNB,1674057029180,True,True,True,2023-01-18 15:50:29.180000
492,ADAGBP,4028604,131178449,-1,0.2694,176.3,47.49522,0.00015324,BNB,1674057285739,True,True,True,2023-01-18 15:54:45.739000064
493,ADAGBP,4029490,131180104,-1,0.2751,181.9,50.04069,0.00015657,BNB,1674066710082,False,True,True,2023-01-18 18:31:50.082000128
494,ADAGBP,4029579,131223713,-1,0.2693,178.1,47.96233,0.00015213,BNB,1674073868358,True,True,True,2023-01-18 20:31:08.358000128
495,ADAGBP,4030828,131291067,-1,0.275,182.0,50.05,0.00015864,BNB,1674156300635,False,True,True,2023-01-19 19:25:00.635000064
496,ADAGBP,4031703,131396716,-1,0.2835,178.2,50.5197,0.00015946,BNB,1674244878827,False,True,True,2023-01-20 20:01:18.826999808
497,ADAGBP,4032406,131418022,-1,0.2923,172.8,50.50944,0.0001543,BNB,1674256719047,False,True,True,2023-01-20 23:18:39.046999808
498,ADAGBP,4033993,131489410,-1,0.3014,162.5,48.9775,0.00014998,BNB,1674309184032,False,True,True,2023-01-21 13:53:04.032000
499,ADAGBP,4033994,131489410,-1,0.3014,5.1,1.53714,4.7e-06,BNB,1674309184657,False,True,True,2023-01-21 13:53:04.657000192
500,ADAGBP,4034129,131524742,-1,0.2951,162.6,47.98326,0.00014829,BNB,1674312723433,True,True,True,2023-01-21 14:52:03.433000192
501,ADAGBP,4034193,131534473,-1,0.3013,166.0,50.0158,0.00015267,BNB,1674315353102,False,True,True,2023-01-21 15:35:53.101999872
502,ADAGBP,4035215,131534474,-1,0.3087,166.0,51.2442,0.00015763,BNB,1674376985837,False,True,True,2023-01-22 08:43:05.836999936
503,ADAGBP,4036649,131692032,-1,0.3022,158.7,47.95914,0.00014889,BNB,1674420818324,True,True,True,2023-01-22 20:53:38.324000
504,ADAGBP,4037033,131705536,-1,0.3085,162.1,50.00785,0.00015252,BNB,1674434993390,False,True,True,2023-01-23 00:49:53.390000128
505,ADAGBP,4037233,131728158,-1,0.302,158.8,47.9576,0.0001472,BNB,1674440710994,True,True,True,2023-01-23 02:25:10.993999872
506,ADAGBP,4038800,131841119,-1,0.3083,18.7,5.76521,1.68e-05,BNB,1674541874475,False,True,True,2023-01-24 06:31:14.474999808
507,ADAGBP,4038801,131841119,-1,0.3083,143.6,44.27188,0.00012909,BNB,1674541874547,False,True,True,2023-01-24 06:31:14.546999808
508,ADAGBP,4039405,131874618,-1,0.3018,158.9,47.95602,0.00014503,BNB,1674597251496,True,True,True,2023-01-24 21:54:11.496000
509,ADAGBP,4039471,131938368,-1,0.2924,147.3,43.07052,0.00013212,BNB,1674599301903,True,True,True,2023-01-24 22:28:21.903000064
510,ADAGBP,4039492,131938368,-1,0.2924,15.1,4.41524,1.353e-05,BNB,1674599330700,True,True,True,2023-01-24 22:28:50.700000
511,ADAGBP,4039728,131943617,-1,0.2833,167.6,47.48108,0.00014681,BNB,1674609326460,True,True,True,2023-01-25 01:15:26.460000
512,ADAGBP,4040031,131968619,-1,0.2892,173.0,50.0316,0.0001529,BNB,1674629059328,False,True,True,2023-01-25 06:44:19.328000
513,ADAGBP,4040682,131990251,-1,0.2982,169.4,50.51508,0.00015357,BNB,1674682344812,False,True,True,2023-01-25 21:32:24.812000
514,ADAGBP,4041016,132065858,-1,0.3074,164.3,50.50582,0.00015212,BNB,1674694048103,False,True,True,2023-01-26 00:47:28.102999808
515,ADAGBP,4041503,132094324,-1,0.3009,159.4,47.96346,0.00014656,BNB,1674730046112,True,True,True,2023-01-26 10:47:26.112000
516,ADAGBP,4041647,132157103,-1,0.3072,162.8,50.01216,0.00015142,BNB,1674741242132,False,True,True,2023-01-26 13:54:02.132000
517,ADAGBP,4042182,132219467,-1,0.3007,159.5,47.96165,0.00014844,BNB,1674783417874,True,True,True,2023-01-27 01:36:57.874000128
518,ADAGBP,4042337,132258222,-1,0.307,163.0,50.041,0.00015188,BNB,1674806196702,False,True,True,2023-01-27 07:56:36.701999872
519,ADAGBP,4043080,132293036,-1,0.3165,159.6,50.5134,0.0001522,BNB,1674864061687,False,True,True,2023-01-28 00:01:01.687000064
520,ADAGBP,4043673,132327268,-1,0.3099,154.8,47.97252,0.00014593,BNB,1674908345996,True,True,True,2023-01-28 12:19:05.996000
521,ADAGBP,4044479,132476357,-1,0.3164,158.1,50.02284,0.00014637,BNB,1675010611884,False,True,True,2023-01-29 16:43:31.884000
522,ADAGBP,4045222,132542234,-1,0.3098,154.9,47.98802,0.00014451,BNB,1675069618235,True,True,True,2023-01-30 09:06:58.234999808
523,ADAGBP,4045949,132555206,-1,0.3002,24.2,7.26484,2.211e-05,BNB,1675105849392,True,True,True,2023-01-30 19:10:49.392000
524,ADAGBP,4045950,132555206,-1,0.3002,134.0,40.2268,0.0001225,BNB,1675105849740,True,True,True,2023-01-30 19:10:49.740000
525,ADAGBP,4046593,132599933,-1,0.3065,53.5,16.39775,4.866e-05,BNB,1675172401493,False,True,True,2023-01-31 13:40:01.492999936
526,ADAGBP,4046594,132599933,-1,0.3065,109.7,33.62305,9.978e-05,BNB,1675172401556,False,True,True,2023-01-31 13:40:01.556000
527,ADAGBP,4046752,132682417,-1,0.316,159.9,50.5284,0.00014901,BNB,1675179256838,False,True,True,2023-01-31 15:34:16.838000128
528,ADAGBP,4047607,132764441,-1,0.3094,138.6,42.88284,0.00012879,BNB,1675234572690,True,True,True,2023-02-01 06:56:12.690000128
529,ADAGBP,4047608,132764441,-1,0.3094,16.5,5.1051,1.533e-05,BNB,1675234572811,True,True,True,2023-02-01 06:56:12.811000064
530,ADAGBP,4048539,132786792,-1,0.3159,158.4,50.03856,0.00014815,BNB,1675281184321,False,True,True,2023-02-01 19:53:04.321000192
531,ADAGBP,4049090,132853969,-1,0.3257,155.1,50.51607,0.00014684,BNB,1675298594193,False,True,True,2023-02-02 00:43:14.193000192
532,ADAGBP,4050307,132978555,-1,0.3358,150.4,50.50432,0.00014002,BNB,1675363346090,False,True,True,2023-02-02 18:42:26.089999872
533,ADAGBP,4050414,132988183,-1,0.3287,145.9,47.95733,0.0001348,BNB,1675366978272,True,True,True,2023-02-02 19:42:58.272000
534,ADAGBP,4051325,133039867,-1,0.33560000,149.10000000,50.03796000,0.00013661,BNB,1675442143665,False,True,True,2023-02-03 16:35:43.664999936
